{
  "numeric_names": [
    "id.resp_p",
    "duration",
    "orig_bytes",
    "resp_bytes",
    "orig_pkts",
    "resp_pkts",
    "total_bytes",
    "total_pkts",
    "byte_ratio",
    "pkt_ratio",
    "bytes_per_pkt",
    "pkts_per_sec",
    "bytes_per_sec",
    "log_total_bytes",
    "log_total_pkts",
    "log_bytes_per_pkt",
    "log_pkts_per_sec",
    "log_bytes_per_sec"
  ],
  "categorical_names": [
    "proto",
    "resp_port_bucket"
  ],
  "class_names": [
    "benign",
    "dos",
    "portscan",
    "ftp_bruteforce"
  ],
  "train_acc": 0.9931920672933986,
  "val_acc": 0.993002485324178,
  "test_acc": 0.9931189118227851
}